{
	"$schema": "https://schemas.wp.org/wp/6.1/theme.json",

    "settings": 
    {
		"appearanceTools": true,
		"useRootPaddingAwareAlignments": true,
		"color": {
			"palette": [
				{
					"slug": "my_black",
					"color": "#343434",
					"name": "Black"
				},
				{
					"slug": "my_white",
					"color": "#FCFAF1",
					"name": "White"
				},
				{
					"slug": "my_grey",
					"color": "#CACACA",
					"name": "Grey"
				},
				{
					"slug": "my_orange",
					"color": "#E6B31E",
					"name": "Orange"
				}
			]
		},
		"layout": 
        {
			"contentSize": "500px",
			"wideSize": "1000px"
		},
		"spacing": {
			"units": [ "px", "em", "rem", "vh", "vw", "%" ]
		},
		"typography": {
			"fluid": true,
			"fontFamilies": [
				{
					"fontFace": [
						{
							"fontFamily": "Montserrat",
							"fontStretch": "variable",
							"fontStyle": "variable",
							"fontWeight": "100 900",
							"src": [
								"file:./assets/fonts/Montserrat.woff2"
							]
						}
					],
					"fontFamily": "\"Montserrat\",sans-serif",
					"name": "Montserrat",
					"slug": "montserrat"
				},
				{
					"fontFace": [
						{
							"fontFamily": "Roboto Slab",
							"fontStretch": "variable",
							"fontStyle": "variable",
							"fontWeight": "100 900",
							"src": [
								"file:./assets/fonts/RobotoSlab.woff2"
							]
						}
					],
					"fontFamily": "\"Roboto Slab\",serif",
					"name": "Roboto Slab",
					"slug": "roboto"
				}
			],
			"fontSizes": [
				{
					"slug": "extra-small",
					"size": "0.67rem",
					"name": "Extra small"
				},
				{
					"slug": "small",
					"size": "0.83rem",
					"name": "Small"
				},
				{
					"slug": "medium",
					"size": "1.0rem",
					"name": "Medium"
				},
				{
					"slug": "large",
					"size": "1.17rem",
					"name": "Large"
				},
				{
					"slug": "x-large",
					"size": "1.5rem",
					"name": "Extra large"
				},
				{
					"slug": "xx-large",
					"size": "2rem",
					"name": "Extra-Extra large"
				}
			]
		}
	},

	"customTemplates":
	[
		{
			"name": "custom",
			"title": "Template for custom site",
			"postTypes": [ "page", "post" ]
		}
	],

	"templateParts": 
	[
		{
			"name": "header",
			"title": "Header-Part",
			"area": "header"
		},
		{
			"name": "nav",
			"title": "Navigation-Part",
			"area": "nav"
		},
		{
			"name": "main",
			"title": "Main-Part",
			"area": "main"
		},
		{
			"name": "sidebar",
			"title": "Aside-Part",
			"area": "sidebar"
		},
		{
			"name": "footer",
			"title": "Footer-Part",
			"area": "footer"
		},
		{
			"name": "searchform",
			"title": "Search-Form-Part",
			"area": "searchform"
		},
		{
			"name": "comments",
			"title": "Comments-Part",
			"area": "comments"
		}
	],

	"styles": 
	{
		
	},

	"patterns": 
	[

	],

	"version": 2

}